ARTICLE_CODE;ARTICLE_NAME_NL;ARTICLE_NAME_FR
10026330;ROZE ORCHIDEE IN GRIJZE POT H4;ORCHIDEE ROSE EN POT GRIS H40C
10026023;AVANTGARDE GR.A5 STD DR ZLV;AVANTGARDE GR.A5 1 PORTE ARG
10026377;KIT ATEL-RAAM H1080 X B1232;KIT ATEL-VERR. H1080 X B1232
10026301;EXPO TUINHUIS LEISURE;EXPO ABRI LEISURE
10026380;KIT ATEL-RAAM H1480 X B1632;KIT ATEL-VERR. H1480 X B1632
10026382;KIT ATEL-RAAM H2450 X B832;KIT ATEL-VERR. H2450 X B832
10026027;AVANTGARDE GR.A7 DUB DR ZLV;AVANTGARDE GR.A7 2 PORT ARG
10024607;TRAVEL LOUNGER DONKER GRIJS;TRAVEL LOUNGER GRIS FONCE
10026438;WANDLAMP 1X E27  LOLLAND;APPLIQUE 1XE27 ROSE LOLLAND
10026479;LAARS BICROSS 39 UNI;BOTTE BICROSS 39 UNI
10026332;LAVENDEL ORCHIDEE IN POT H 59C;ORCHIDEE LAVENDE EN POT H 59CM
10026022;AVANTGARDE GR.A4 DUB DR S ZLV;AVANTGARDE GR.A4 2 PORT S ARG
10026317;ZIJWANDEN VOOR PARTY SWING;MUR DE COTE PARTY SWING
10026387;KIT ATELIER-HOEKPAAL H1480;KIT ATEL-POT. ANGLE H1480
10026029;AVANTGARDE GR.A8 DUB DR ZLV;AVANTGARDE GR.A8 2 PORT ARG
10026075;GARAGE GRASMAAIER CHARLY GR.1;GARAGE TONDEUSE CHARLY GR.1